1 lcapitulino@mandriva.com.br
2 
3 venza@brownhat.org
4 xose.vazquez@gmail.com
5 george@mvista.com
6 jesse.barnes@intel.com
7 ACurrid@nvidia.com
8 fmalita@gmail.com
9 kenneth.w.chen@intel.com
10 tziporet@mellanox.co.il
11 ben-linux-usb@fluff.org
12 alan@redhat.com
13 mark147m@gmail.com
14 arnaud.giersch@free.fr
15 drzeus@drzeus.cx
16 dev@openvz.org
17 qboosh@pld-linux.org
18 steve@chygwyn.com
19 kristen.c.accardi@intel.com
20 rvinson@mvista.com
21 aherrman@de.ibm.com
22 johnrose@austin.ibm.com
23 wrlk@riede.org
24 buytenh+lkml@wantstofly.org
25 u.luckas@road-gmbh.de
26 petr@vmware.com
27 spam.david.trap@unsolicited.net
28 linville@tuxdriver.com
29 lorentey@elte.hu
30 raymond.mantchala@streamvision.ft
31 iod00d@hp.com
32 can29@bandersnatch.cs.drexel.edu
33 Sreenivas.Bagalkote@engenio.com
34 adaplas@gmail.com
35 olof@lixom.net
36 bgerst@didntduck.org
37 sds@tycho.nsa.gov
38 bigmach@us.ibm.com
39 Robert.Olsson@data.slu.se
40 pfavr@how.dk
41 sharada@in.ibm.com
42 bunk@fs.tum.de
43 dxm@sgi.com
44 aia21@hera.kernel.org
45 ecashin@coraid.com
46 dedekind@infradead.org
47 Gennady.V.Sharapov@intel.com
48 t.schorpp@gmx.de
49 abhijitk@veritas.com
50 alon.barlev@gmail.com
51 metolent@snoqualmie.dp.intel.com
52 masbock@us.ibm.com
53 michael@gernoth.net
54 Zoltan.Menyhart@bull.net
55 viro@www.linux.org.uk
56 kostikbel@gmail.com
57 torte@netztorte.de
58 malattia@linux.it
59 brad@wasp.net.au
60 gerg@snapgear.com
61 davem@davemloft.net
62 mahadri-kernel@drigon.com
63 schwab@suse.de
64 simone@develer.com
65 sam@ravnborg.org
66 drzeus-list@drzeus.cx
67 tduffy@sun.com
68 viro@parcelfarce.linux.theplanet.co.uk
69 c.lucas@ifrance.com
70 sonny@burdell.org
71 mingo@elte.he
72 trenn@suse.de
73 jmorris@namei.org
74 jdboyer@mediatrix.com
75 chamas@h4.dion.ne.jp
76 drizzd@aon.at
77 William.Jordan@unisys.com
78 agruen@suse.de
79 ijc@hellion.org.uk
80 igor.popik@gmail.com
81 roland@topspin.com
82 hien@us.ibm.com
83 peter.oberparleiter@de.ibm.com
84 imorgan@webcon.ca
85 shaohua.li@intel.com
86 metolent@cs.vt.edu
87 rkagan@mail.ru
88 macro@linux-mips.org
89 dvrabel@arcom.com
90 lucasvr@gobolinux.org
91 mikew@google.com
92 dotanb@mellanox.co.il
93 T.Maguin@web.de
94 perex@tm8103
95 Abhay_Salunke@dell.com
96 dlstevens@us.ibm.com
97 Matt_Domsch@dell.com
98 galibert@pobox.com
99 imcdnzl@gmail.com
100 trizt@iname.com
101 obi@linuxtv.org
102 jes@wildopensource.com
103 quincy@linuxtv.org
104 ssoe@kirktelecom.com
105 Reimar.Doeffinger@stud.uni-karlsruhe.de
106 posting@blx4.net
107 mauriciolin@gmail.com
108 yvasilev@duke.math.cinvestav.mx
109 agk@redhat.com
110 arndb@de.ibm.com
111 elad_lahav@users.sourceforge.net
112 DwaineGarden@rogers.com
113 bobl@turbolinux.com
114 jbrassow@redhat.com
115 hjt@sysgo.com
116 carlos@parisc-linux.org
117 lethal@Linux-SH.ORG
118 kraxel@bytesex.org
119 skystar@moldova.cc
120 swhiteho@redhat.com
121 dtor@mail.ru
122 sandeen@sgi.com
123 vojtech@suse.cz
124 rpurdie@rpsys.net
125 ebiederm@xmission.com
126 nb-ml@be.rmk.(none)
127 madkiss@madkiss.org
128 alex.williamson@hp.com
129 hifumi.hisashi@lab.ntt.co.jp
130 hannal@us.ibm.com
131 peterm@redhat.com
132 raph@raphnet.net
133 nico@org.rmk.(none)
134 des@linpro.no
135 dushistov@mail.ru
136 ian@beware.dropbear.id.au
137 aabdulla@nvidia.com
138 cotte@de.ibm.com
139 jkenisto@us.ibm.com
140 halr@voltaire.com
141 fabien.cosse@wanadoo.fr
142 amakarov@ru.mvista.com
143 raghavendra.koushik@neterion.com
144 sashakh@alsa-project.org
145 laforge@netfilter.org
146 plasmaroo@gentoo.org
147 wli@holomorphy.com
148 Jacob.Shin@amd.com
149 dynmail1@gassner-waagen.at
150 dlsy@snoqualmie.dp.intel.com
151 mihnea@zulu.ro
152 t-fujii@nb.jp.nec.com
153 kevin@hilman.org
154 baford@mit.edu
155 pj@sgi.com
156 holzheu@de.ibm.com
157 aviro@redhat.com
158 moilanen@austin.ibm.com
159 greg@press.(none)
160 kjak@users.sourceforge.net
161 aurelien@aurel32.net
162 andrew.vasquez@qlogic.com
163 colin@colino.net
164 joe@perches.com
165 davidm@hpl.hp.com
166 ja@ssi.bg
167 mikpe@csd.uu.se
168 vbordug@ru.mvista.com
169 Knut_Petersen@t-online.de
170 mst@mellanox.co.il
171 B.Steinbrink@gmx.de
172 mchan@broadcom.com
173 domen@coderock.org
174 jayalk@intworks.biz
175 maule@sgi.com
176 neilb@cse.unsw.edu.au
177 clameter@sgi.com
178 mostrows@speakeasy.net
179 jason.wessel@windriver.com
180 magnus@valinux.co.jp
181 olenf@ans.pl
182 hvr@inso.tuwien.ac.at
183 dimitry.andric@tomtom.com
184 andi@lisas.de
185 dgc@sgi.com
186 sam@mars.ravnborg.org
187 hjl@lucon.org
188 brian@murphy.dk
189 allan.graves@oracle.com
190 braunu@de.ibm.com
191 David.Mosberger@acm.org
192 rajesh.shah@intel.com
193 casadoi@yahoo.co.uk
194 Jens.Osterkamp@de.ibm.com
195 lorenzo@gnu.org
196 samuel.thibault@ens-lyon.org
197 steiner@sgi.com
198 jdub@us.ibm.com
199 dcbw@redhat.com
200 bwa@us.ibm.com
201 manoj@almaden.ibm.com
202 matt@embeddedalley.com
203 holt@sgi.com
204 cmm@us.ibm.com
205 suresh.b.siddha@intel.com
206 mitr@volny.cz
207 shenkel@gmail.com
208 kurina@gmx.net
209 david@2gen.com
210 rjkm@metzlerbros.de
211 lkosewsk@nit.ca
212 jketreno@io.(none)
213 nathans@bruce
214 pzad@pobox.sk
215 frederic.cand@anevia.com
216 tim@physik3.uni-rostock.de
217 matt.gillette@netcell.com
218 mdharm-usb@one-eyed-alien.net
219 nkiesel@tbdnetworks.com
220 tokunaga.keiich@jp.fujitsu.com
221 roe@sgi.com
222 JBeulich@novell.com
223 jlackey@net.rmk.(none)
224 stern@rowland.harvard.edu
225 hermann.pitton@onlinehome.de
226 marco_manenti@colman.it
227 zaitcev@redhat.com
228 jchandra@digeo.com
229 dr_unique@ymg.ru
230 steved@redhat.com
231 Kai.Makisara@kolumbus.fi
232 mikukkon@iki.fi
233 nacc@us.ibm.com
234 ast@domdv.de
235 mulix@mulix.org
236 mnutter@us.ibm.com
237 jejb@titanic.il.steeleye.com
238 aia21@cam.ac.uk
239 tausq@parisc-linux.org
240 hch@sgi.com
241 jsimmons@infradead.org
242 wouter@kangaroot.net
243 Michal.Wronski@motorola.com
244 nathans@sgi.com
245 ok@ee.rmk.(none)
246 nd@bplan-gmbh.de
247 oblin@mandriva.com
248 rzarev@its.caltech.edu
249 coywolf@sosdg.org
250 adam.j.brooks@intel.com
251 bzolnier@gmail.com
252 (rja@sgi.com)
253 v4l@cerqueira.org
254 nikai@nikai.net
255 ananth@in.ibm.com
256 suzannew@cs.pdx.edu
257 sean.hefty@intel.com
258 gardner.ben@gmail.com
259 rsantos@grupopie.com
260 ericvh@hera.kernel.org
261 serue@us.ibm.com
262 gf435@gmx.net
263 borislav@users.sf.net
264 alokk@calsoftinc.com
265 staubach@redhat.com
266 guillaume.gourat@nexvision.fr
267 mort@bork.org
268 marko.kohtala@gmail.com
269 sshtylyov@dev.rtsoft.ru
270 barry.scott@onelan.co.uk
271 hawkes@sgi.com
272 sigmund@snap.tv
273 saschasommer@freenet.de
274 thunder7@xs4all.nl
275 jgarzik@pobox.com
276 tglx@mtd.linutronix.de
277 willy@parisc-linux.org
278 76306.1226@compuserve.com
279 bernd@firmix.at
280 ayoung@google.engr.sgi.com
281 Ymu@winbond.com.tw
282 estelle.hammache@st.com
283 jlan@engr.sgi.com
284 jayakumar.ide@gmail.com
285 Robert.Moore@intel.com
286 guyg@voltaire.com
287 hkmaly@matfyz.cz
288 greearb@candelatech.com
289 mike-@cinci.rr.com
290 dcb314@hotmail.com
291 ionut@badula.org
292 teigland@redhat.com
293 per.liden@nospam.ericsson.com
294 Kristian-M@Kristian-M.de
295 eric.lemoine@gmail.com
296 stephane.kardas@certa.ssi.gouv.fr
297 nxhxzi702 at sneakemail.com
298 proski@gnu.org
299 ravi.anand@qlogic.com
300 ?
301 pageexec@freemail.hu
302 samuel.thibault@labri.fr
303 linux-kernel@hansmi.ch
304 dan_brown@ieee.org
305 masano@tnes.nec.co.jp
306 suparna@in.ibm.com
307 dragorn@kismetwireless.net
308 svens@gmx.de
309 bin@bash.info
310 awold@bigfoot.com
311 hartmut.hackmann@t.online.de
312 jaredeh@gmail.com
313 rohit.seth@intel.com
314 lkml@rtr.ca
315 jra@samba.org
316 rpunkunus@nvidia.com
317 a.s.hodgson@gmail.com
318 garloff@suse.de
319 Dirk@Opfer-Online.de
320 dmueller@suse.com
321 achirica@gmail.com
322 david.kimdon@devicescape.com
323 maurochehab@gmail.com
324 hadi@cyberus.ca
325 Paul.Vriens@xs4all.nl
326 omote@utyuuzin.net
327 p.beutner@gmx.net
328 jeroen@simonetti.nl
329 luming.yu@intel.com
330 suzuki@in.ibm.com
331 vince@org.rmk.(none)
332 jacmet@sunsite.dk
333 nitin.a.kamble@intel.com
334 jason.d.gaston@intel.com
335 chris@zankel.net
336 andy@greyhouse.net
337 hfvogt@gmx.net
338 venkatesh.pallipadi@intel.com
339 lxiep@us.ibm.com
340 schihei@de.ibm.com
341 davem@sunset.davemloft.net
342 xschmi00@stud.feec.vutbr.cz
343 ishai@mellanox.co.il
344 enygma@dreadnought.hadiko.de
345 liam.girdwood@wolfsonmicro.com
346 koen@handhelds.org
347 drow@false.org
348 j.blunck@tu-harburg.de
349 lenb@toshiba.hsd1.ma.comcast.net
350 mikaelmagnusson@glocalnet.net
351 davidm@napali.hpl.hp.com
352 pytasz@lodz.home.pl
353 npiggin@suse.de
354 mike@krufky.com
355 Tsuneo.Yoshioka@f-secure.com
356 pozsy@uhulinux.hu
357 daniel.ritz-ml@swissonline.ch
358 mark.fasheh@oracle.com
359 Larry.Finger@lwfinger.net
360 jbarnes@virtuousgeek.org
361 sds@epoch.ncsc.mil
362 j.dreyer@butonic.de
363 bstrand@switchmanagement.com
364 hankins@sgi.com
365 isely@pobox.com
366 drzeus-list@cx.rmk.(none)
367 mjg59@srcf.ucam.org
368 edrossma@us.ibm.com
369 lee.schermerhorn@hp.com
370 acme@mandriva.com
371 Torsten.Seeboth@t-online.de
372 spamtrap@siglost.org
373 woodys@xandros.com
374 brking@us.ibm.com
375 dominik@hackl.dhs.org
376 perex@suse.cz
377 Liam.Girdwood@wolfsonmicro.com
378 jmoyer@redhat.com
379 kianusch@sk-tech.net
380 stuarta@squashedfrog.net
381 mark@mtfhpc.demon.co.uk
382 Neela.Kolli@engenio.com
383 o.endriss@gmx.de
384 shemminger@osdl.org
385 pschulz01@gmail.com
386 drab@kepler.fjfi.cvut.cz
387 jar@pcuf.fi
388 vda@port.imtp.ilyichevsk.odessa.ua
389 tmhikaru@gmail.com
390 linux@rainbow-software.org
391 thomas@undata.org
392 pfg@sgi.com
393 David.Shirley@team.telstra.com
394 oleg@tv-sign.ru
395 sri@us.ibm.com
396 libor@topspin.com
397 daniele.gozzi@gmail.com
398 rmk+kernel@arm.linux.org.uk
399 patrick.boettcher@desy.de
400 Vivian.Bregier@imag.fr
401 achew@nvidia.com
402 aris@cathedrallabs.org
403 panagiotis.issaris@gmail.com
404 chas@cmf.nrl.navy.mil
405 syrjala@sci.fi
406 ddstreet@ieee.org
407 kelly@au.ibm.com
408 andrea@suse.de
409 pavlic@de.ibm.com
410 elenstev@mesatop.com
411 cngam@sgi.com
412 bdschuym@pandora.be
413 adobriyan@mail.ru
414 BGardner@Wabtec.com
415 cotte@freenet.de
416 tjaeger@cse.psu.edu
417 komurojun-mbn@nifty.com
418 thomas.duffy.99@alumni.brown.edu
419 pb@linuxtv.org
420 castet.matthieu@free.fr
421 folkert@vanheusden.com
422 metalhead@metalhead.ws
423 petero2@telia.com
424 maxim@de.ibm.com
425 romieu@fr.zoreil.com
426 linuxram@us.ibm.com
427 motzersn@tlink.de
428 zghuo@ncic.ac.cn
429 hidden@balabit.hu
430 huckc@de.ibm.com
431 cjb@mrao.cam.ac.uk
432 kay.sievers@suse.de
433 mallikarjuna.chilakala@intel.com
434 fbui@comcast.net
435 cel@netapp.com
436 geraldsc@de.ibm.com
437 gennady.v.sharapov@intel.com
438 vinay.nallamothu@gsecone.com
439 hartmut.hackmann@t-online.de
440 rja@efs.americas.sgi.com
441 m.iatrou@freemail.gr
442 oliva@lsd.ic.unicamp.br
443 viro@ZenIV.linux.org.uk
444 sziwan@hell.org.pl
445 tommy.christensen@tpack.net
446 d.gaffuri@reply.it
447 gmsoft@tuxicoman.be
448 kyungmin.park@samsung.com
449 LaurentVivier@wanadoo.fr
450 christoph@graphe.net
451 ppopov@embeddedalley.com
452 glommer@br.ibm.com
453 zwane@linuxpower.ca
454 vapier@org.rmk.(none)
455 James.Bottomley@SteelEye.com
456 scjody@modernduck.com
457 smurf@smurf.noris.de
458 grundler@parisc-linux.org
459 seto.hidetoshi@jp.fujitsu.com
460 mbuesch@freenet.de
461 ross.biro@gmail.com
462 rlove@rlove.org
463 ole@ans.pl
464 baris@nerd.com.tr
465 SteveD@redhat.com
466 klx@yandex.ru
467 anemo@mba.ocn.ne.jp
468 georg.chini@triaton-webhosting.com
469 Bryan.Sutula@hp.com
470 mk@linux-ipv6.org
471 ben@fluff.org.uk
472 dannf@dannf.org
473 viro@zenIV.linux.org.uk
474 phdm@macqel.be
475 nate@namesys.com
476 hong.liu@intel.com
477 kernel@kolivas.org
478 torvalds@osdl.org
479 petkan@nucleusys.com
480 sct@redhat.com
481 vlad@storewiz.com
482 pbadari@yahoo.com
483 akepner@sgi.com
484 dbrownell@users.sourceforge.net
485 linas@austin.ibm.com
486 dpervushin@ru.mvista.com
487 jejb@titanic.(none)
488 stefan@loplof.de
489 packo@tpg.com.au
490 jayakumar.alsa@gmail.com
491 James.Bottomley@steeleye.com
492 pete@peterskipworth.com
493 mitch@sfgoth.com
494 ashutosh_naik@adaptec.com
495 yingping@sgi.com
496 ananda.raju@neterion.com
497 dale@farnsworth.org
498 andreas.jaggi@waterwave.ch
499 Natalie.Protasevich@unisys.com
500 alex.kern@gmx.de
501 gigem@comcast.net
502 dev@sw.ru
503 dsd@gentoo.org
504 Stefan.Nickl@kontron.com
505 ole.reinhardt@kernelconcepts.de
506 johann.lombardi@bull.net
507 jhr@google.com
508 andrew@sanpeople.com
509 adi@hexapodia.org
510 anil.s.keshavamurthy@intel.com
511 linuxkernellist@wonderclown.com
512 dneuer@org.rmk.(none)
513 will.dyson@gmail.com
514 jdubois@mc.com
515 okir@suse.de
516 acme@conectiva.com.br
517 vinodg@nvidia.com
518 vladislav.yasevich@hp.com
519 ian@pickworth.me.uk
520 drepper@redhat.com
521 ddcc@mit.edu
522 stephen.gw@gmail.com
523 martin@hagelin.dyndns.org
524 gud@eth.net
525 nsankar@broadcom.com
526 IvDoorn@gmail.com
527 tglx@linutronix.de
528 3297627799@wind.it
529 justin.chen@hp.com
530 kjak@ispwest.com
531 schwidefsky@de.ibm.com
532 itn780@yahoo.com
533 ebiederman@lnxi.com
534 Kalle.Valo@iki.fi
535 pete@phraxos.nildram.co.uk
536 ktecho@gmail.com
537 mochel@digitalimplant.org
538 chuyee@debian.sh.intel.com
539 jessem@cs.pdx.edu
540 bunk@stusta.de
541 jbarnes@sgi.com
542 Alexandra.Kossovsky@oktetlabs.ru
543 emanuele.giaquinta@gmail.com
544 viro@zeniv.linux.org.uk
545 felipewd@terra.com.br
546 daniel.mueller@siemens.com
547 jdmason@us.ibm.com
548 mgreer@mvista.com
549 me@bobcopeland.com
550 downey@zymeta.com
551 daniel.ritz@gmx.ch
552 yanmin.zhang@intel.com
553 shaggy@kleikamp.(none)
554 johannes@sipsolutions.net
555 rbultje@ronald.bitfreak.net
556 nico@ngolde.de
557 tony.luck@intel.com
558 andrew@lunn.ch
559 azummo-armlinux@towertech.it
560 Eric.Moore@lsil.com
561 scwhab@suse.de
562 paulus@samba.org
563 svante@agentum.com
564 cborntra@de.ibm.com
565 evanchsa@gmail.com
566 dwrobel@ertel.com.pl
567 dave@awk.cz
568 erikw@acc.umu.se
569 tyo@ee.mu.oz.au
570 liutao1980@gmail.com
571 daden@symbol.com
572 craig@microtron.org.uk
573 tes@sgi.com
574 herbert@gondor.apana.org.au
575 amavin@redhat.com
576 vgoyal@in.ibm.com
577 lethal@linux-sh.org
578 pgaltieri@mvista.com
579 jaco@kroon.co.za
580 phillips@istop.com
581 jon.maloy@ericsson.com
582 wwc@rentec.com
583 akpm@osdl.org
584 ajgrothe@yahoo.com
585 twogood@users.sourceforge.net
586 rene.scharfe@lsrfire.ath.cx
587 mcr@sandelman.ottawa.on.ca
588 kenan.esau@conan.de
589 neukum@fachschaft.cup.uni-muenchen.de
590 alex-kernel@digriz.org.uk
591 madroach@zakweb.de
592 kjb-temp-2005@gmx.de
593 perceval.anichini@streamvision.fr
594 bcasavan@sgi.com
595 kingman@storagegear.com
596 jordan.crouse@amd.com
597 jeremy@goop.org
598 yasuyuki.kozakai@toshiba.co.jp
599 vojtech@ucw.cz
600 mark_salyzyn@adaptec.com
601 sascha@saschahauer.de
602 c.pascoe@itee.uq.edu.au
603 jt@hpl.hp.com
604 karl.herz@gmx.de
605 pbadari@us.ibm.com
606 pcj@linux.sez.to
607 mcapinha@gmail.com
608 julian@jusst.de
609 klassert@mathematik.tu-chemnitz.de
610 jerome.forissier@hp.com
611 pmarques@grupopie.com
612 max@duempel.org
613 wingo@pobox.com
614 randy_d_dunlap@linux.intel.com
615 ydroneaud@mandriva.com
616 davidm@mostang.com
617 dhollis@davehollis.com
618 chong.yin.tan@intel.com
619 ratz@drugphish.ch
620 trux@truxton.com
621 eparis@parisplace.org
622 sashak@alsa-project.org
623 galak@freescale.com
624 James.Bottomley@HansenPartnership.com
625 ymu@winbond.com.tw
626 mgross@linux.intel.com
627 airlied@linux.ie
628 len.brown@intel.com
629 lkml@looxix.net
630 aoliva@redhat.com
631 ytht.net@gmail.com
632 xaityyy@gmail.com
633 qiyong@fc-cn.com
634 brazilnut@us.ibm.com
635 icampbell@arcom.com
636 christoph@scalex86.org
637 pmhahn@titan.lahn.de
638 rmk+pcmcia@arm.linux.org.uk
639 jon_wetzel@dell.com
640 nhorman@redhat.com
641 abbotti@mev.co.uk
642 dcn@sgi.com
643 miyazawa@linux-ipv6.org
644 pieter@dejaeghere.net
645 jdthood@aglu.demon.nl
646 pochini@shiny.it
647 adobriyan@gmail.com
648 jarkko.lavinen@nokia.com
649 simrw@sim-basis.de
650 pieterp@joow.be
651 kimball.murray@stratus.com
652 askulysh@image.kiev.ua
653 agl@us.ibm.com
654 nhdailey@verizon.net
655 atm@martin-whitaker.co.uk
656 davis_g@mvista.com
657 ocroquette@free.fr
658 aleksey_gorelov@phoenix.com
659 dan@embeddededge.com
660 jamesclv@us.ibm.com
661 aris@conectiva.com.br
662 r.schwebel@pengutronix.de
663 matt@minas-morgul.org
664 stsp@aknet.ru
665 clg@fr.ibm.com
666 mika@grml.org
667 jparadis@redhat.com
668 ben@simtec.co.uk
669 albrecht.dress@com.rmk.(none)
670 rjwysocki@sisk.pl
671 Wei.Ni@uli.com.tw
672 luke.adi@gmail.com
673 davidm@snapgear.com
674 mingo@elte.hu
675 vwool@ru.mvista.com
676 wein@de.ibm.com
677 utz.bacher@de.ibm.com
678 deti@fliegl.de
679 da@osvik.no
680 ffilzlnx@us.ibm.com
681 henrich@iijmio-mail.jp
682 kyungmin.aprk@samsung.com
683 mike@steroidmicros.com
684 Jason.d.gaston@intel.com
685 jeffm@suse.com
686 kraxel@suse.de
687 rboone@rtd.com
688 hartge@ds9.argh.org
689 manu@kromtek.com
690 James@superbug.co.uk
691 jackm@mellanox.co.il
692 peterc@gelato.unsw.edu.au
693 bfields@fieldses.org
694 marcelo.tosatti@cyclades.com
695 mschimek@nusurf.at
696 kaneshige.kenji@soft.fujitsu.com
697 marian_ion@noos.fr
698 bjorge@gmx.net
699 kamezawa.hiroyu@jp.fujitsu.com
700 horms@verge.net.au
701 daniel@linux-user.net
702 kambarov@berkeley.edu
703 bibo.mao@intel.com
704 yani.ioannou@gmail.com
705 kwc@citi.umich.edu
706 albertcc@tw.ibm.com
707 mkrufky@m1k.net
708 reiser@namesys.com
709 mann@vmware.com
710 alexn@telia.com
711 mbligh@mbligh.org
712 patmans@us.ibm.com
713 uwe.koziolek@gmx.net
714 wesarg@informatik.uni-halle.de
715 viro@ftp.linux.org.uk
716 mhoffman@lightlink.com
717 bollinger@digigram.com
718 chkr@plauener.de
719 vs@namesys.com
720 kyle@mcmartin.ca
721 iisaman@citi.umich.edu
722 T-Bone@parisc-linux.org
723 jhansen@cardaccess-inc.com
724 penberg@cs.helsinki.fi
725 glen@lincor.com
726 marcel@holtmann.org
727 mbellon@mvista.com
728 jes@trained-monkey.org
729 mathieu.desnoyers@polymtl.ca
730 blosure@americas.sgi.com
731 nhorman@tuxdriver.com
732 pfavr@mip.sdu.dk
733 markgw@sgi.com
734 dan.j.williams@gmail.com
735 selhorst@crypto.rub.de
736 ravinandan.arakali@neterion.com
737 MRustad@mac.com
738 jmtapio@verkkotelakka.net
739 jacob.shin@amd.com
740 david-b@pacbell.net
741 tpoynor@com.rmk.(none)
742 dtor_core@ameritech.net
743 bramesh@vt.edu
744 zach@vmware.com
745 Markus.Lidel@shadowconnect.com
746 grant_lkml@dodo.com.au
747 mchehab@infradead.org
748 luca@lt-software.com
749 Seokmann.Ju@engenio.com
750 Trond.Myklebust@netapp.com
751 qufuping@ercist.iscas.ac.cn
752 strosake@austin.ibm.com
753 yosshy@debian.or.jp
754 jejb@titanic
755 mostrows@watson.ibm.com
756 dwmw2@org.rmk.(none)
757 ddouxchamps@users.sf.net
758 adq_dvb@lidskialf.net
759 bfields@citi.umich.edu
760 lenz@cs.wisc.edu
761 jwhite@codeweavers.com
762 jes@sgi.com
763 joerg.schummer@web.de
764 shbader@de.ibm.com
765 george@wildturkeyranch.net
766 vbarshak@ru.mvista.com
767 flamingice@sourmilk.net
768 mike.miller@hp.com
769 bstroesser@fujitsu-siemens.com
770 mschimek@gmx.at
771 berny.f@aon.at
772 egoggin@emc.com
773 acurrid@nvidia.com
774 bgardner@wabtec.com
775 zhenyu.z.wang@intel.com
776 alex@digriz.org.uk
777 james.harper@bendigoit.com.au
778 cpw@sgi.com
779 sean@mess.org
780 Sergey.Ulanov@asplinux.ru
781 kernel-bugs@digital-trauma.de
782 vl4d@spine-group.org
783 roland@redhat.com
784 manfred@colorfullife.com
785 francois.wellenreiter@bull.net
786 asimshankar@gmail.com
787 rmk@arm.linux.org.uk
788 v4l\@cerqueira.org
789 dsaxena@plexity.net
790 T.E.Baldwin99@members.leeds.ac.uk
791 baldrick@free.fr
792 csanchez@windy.az.mvista.com
793 joern@wohnheim.fh-wedel.de
794 roehrich@sgi.com
795 ashepard@u.washington.edu
796 jonas.holmberg@axis.com
797 vandrove@vc.cvut.cz
798 adaplas@hotpop.com
799 bla@cs.huji.ac.il
800 laurent.riffard@free.fr
801 baruch@ev-en.org
802 konstantin.belousov@zoral.com.ua
803 domi.dumont@free.fr
804 jason.mcmullan@timesys.com
805 k-ueda@ct.jp.nec.com
806 yvasilev@imap.cc
807 jbglaw@lug-owl.de
808 greg@echidna.(none)
809 afleming@freescale.com
810 rja@sgi.com
811 gregfelixlkml@gmail.com
812 a.othieno@bluewin.ch
813 ambx1@neo.rr.com
814 kristian.slavov@nomadiclab.com
815 matthewc@hp.com
816 htejun@gmail.com
817 markh@osdl.org
818 fs@ercist.iscas.ac.cn
819 levon@movementarian.org
820 ysato@users.sourceforge.jp
821 sfrench@hera.kernel.org
822 frankvm@frankvm.com
823 vvs@sw.ru
824 hermes@gibson.dropbear.id.au
825 lmb@suse.de
826 h-yamamo@db3.so-net.ne.jp
827 njw@osdl.org
828 djohnson+linux-kernel@sw.starentnetworks.com
829 victor@cetuc.puc-rio.br
830 cornelia.huck@de.ibm.com
831 jketreno@linux.intel.com
832 Ravinandan.Arakali@neterion.com
833 oliver@helios.de
834 jimix@watson.ibm.com
835 riel@redhat.com
836 joeyye@trident.com.cn
837 ok@artecdesign.ee
838 wcheng@redhat.com
839 agx@sigxcpu.org
840 torvalds@ppc970.osdl.org.(none)
841 gfekete@cc.jyu.fi
842 spock@gentoo.org
843 blaisorblade@yahoo.it
844 jirislaby@gmail.com
845 mingo@redhat.com
846 kirk.lapray@gmail.com
847 kuznet@ms2.inr.ac.ru
848 ben-linux@fluff.org
849 thomas@winischhofer.net
850 zulcss@gmail.com
851 kaminaga@sm.sony.co.jp
852 nxhxzi702@sneakemail.com
853 bjorn.helgaas@hp.com
854 joe.korty@ccur.com
855 martin.wilck@fujitsu-siemens.com
856 bcrl@kvack.org
857 joachim.nilsson@vmlinux.org
858 nsxfreddy@gmail.com
859 eugen@univ.kiev.ua
860 kaneshige.kenji@jp.fujitsu.com
861 jon.ringle@comdial.com
862 prarit@sgi.com
863 rene.herman@keyaccess.nl
864 jason@rightthere.net
865 ntl@pobox.com
866 juha.yrjola@nokia.com
867 jamagallon@able.es
868 kaos@sgi.com
869 perex@petra
870 enochs@itd.nrl.navy.mil
871 chrise@sgi.com
872 ladis@linux-mips.org
873 rkrishnakumar@gmail.com
874 Aleksey_Gorelov@Phoenix.com
875 miles@gnu.org
876 stig@lizardlogic.co.uk
877 macro@infradead.org
878 bartoldeman@users.sourceforge.net
879 ekinzie@cmf.nrl.navy.mil
880 jkmaline@cc.hut.fi
881 jeremy@sgi.com
882 dietmar.eggemann@gmx.de
883 jblunck@suse.de
884 kevin@realmsys.com
885 sven.luther@wanadoo.fr
886 tlnguyen@snoqualmie.dp.intel.com
887 pechter@gmail.com
888 ben-linux@org.rmk.(none)
889 czankel@tensilica.com
890 dwmw2@shinybook.infradead.org
891 allinux@gmail.com
892 roger@planbit.co.uk
893 stefanr@s5r6.in-berlin.de
894 dcm@MIT.EDU
895 michael.veeck@gmx.net
896 mikey@neuling.org
897 sam@mars.(none)
898 zanussi@us.ibm.com
899 rocky.craig@hp.com
900 luca.risolia@studio.unibo.it
901 a.zummo@towertech.it
902 Stefan.Bader@de.ibm.com
903 kenth@popwire.com
904 hverkuil@xs4all.nl
905 dick@streefland.net
906 robert.moore@intel.com
907 renaud.lienhart@free.fr
908 joshk@triplehelix.org
909 nico@cam.org
910 acme@ghostprotocols.net
911 hyok.choi@samsung.com
912 ralphc@pathscale.com
913 clucas@rotomalug.org
914 stoth@hauppauge.com
915 kumar.gala@freescale.com
916 mhalcrow@us.ibm.com
917 miklos@szeredi.hu
918 kolya@MIT.EDU
919 p2@mind.be
920 pereira.shaun@gmail.com
921 7eggert@gmx.de
922 jack@suse.cz
923 davem@outer-richmond.davemloft.net
924 david.keck@amd.com
925 ericvh@gmail.com
926 brian@schau.com
927 dan@debian.org
928 ghowlett@connecttech.com
929 dice@mfa.kfki.hu
930 smfltc@us.ibm.com
931 kmannth@us.ibm.com
932 nshmyrev@yandex.ru
933 leigh@solinno.co.uk
934 tom@compton.nu
935 fubar@us.ibm.com
936 elliott@stcnet.com
937 webvenza@libero.it
938 eric@lammerts.org
939 wolfgang@rohdewald.de
940 Eric.Piel@tremplin-utc.net
941 ianw@gelato.unsw.edu.au
942 aegl@agluck-lia64.sc.intel.com
943 willy@w.ods.org
944 bcollins@ubuntu.com
945 jeffrey.t.kirsher@intel.com
946 david-b@net.rmk.(none)
947 tedon@rogers.com
948 Stuart_Hayes@dell.com
949 christoph@lameter.com
950 laforge@gnumonks.org
951 info@colognechip.com
952 pasky@ucw.cz
953 phil@ipom.com
954 jgarzik@pretzel.yyz.us
955 ebs@ebshome.net
956 yoav_zach@yahoo.com
957 errandir_news@mph.eclipse.co.uk
958 janetmor@us.ibm.com
959 Michael.ODonnell@stratus.com
960 adi@broadcom.com
961 olh@suse.de
962 romieu@electric-eye.fr.zoreil.com
963 calin@ajvar.org
964 mikma@users.sourceforge.net
965 john.blackwood@ccur.com
966 telendiz@eircom.net
967 dirk@do13.de
968 mort@sgi.com
969 arvidjaar@mail.ru
970 hnagar2@gmail.com
971 nickpiggin@yahoo.com.au
972 zwane@arm.linux.org.uk
973 jonathan@jonmasters.org
974 paul@booyaka.com
975 segher@kernel.crashing.org
976 bcrl@linux.intel.com
977 torvalds@g5.osdl.org
978 tpoynor@mvista.com
979 sascha@de.rmk.(none)
980 marcus@ingate.com
981 ville.skytta@iki.fi
982 hari@in.ibm.com
983 kernel@tesarici.cz
984 adl@gnu.org
985 hc@mivu.no
986 denis@voxelsoft.com
987 marcelo@feitoza.com.br
988 thomas.schaefer@kontron.com
989 dsp@llnl.gov
990 roland@eddore.topspincom.com
991 ctrefzer@gmx.de
992 kiran@scalex86.org
993 juhl-lkml@dif.dk
994 rusty@rustcorp.com.au
995 iam4@cs.waikato.ac.nz
996 zippel@linux-m68k.org
997 matthltc@us.ibm.com
998 horms@debian.org
999 tnt@246tNt.com
1000 pegasos@frokaschwei.de
1001 apatard@mandriva.com
1002 amy.griffis@hp.com
1003 mjc@redhat.com
1004 Douglas_Warzecha@dell.com
1005 simeonov_2000@yahoo.com
1006 maeda.naoaki@jp.fujitsu.com
1007 eich@suse.de
1008 yuasa@hh.iij4u.or.jp
1009 Keir.Fraser@cl.cam.ac.uk
1010 jonsmirl@gmail.com
1011 saraiya@fabric7.com
1012 andrew@mcdonald.org.uk
1013 beginner2arm@eyou.com
1014 Peer.Chen@uli.com.tw
1015 avvisi@spalletti.it
1016 kirr@mns.spb.ru
1017 green@linuxhacker.ru
1018 nate.diller@gmail.com
1019 catalin.marinas@com.rmk.(none)
1020 ncunningham@cyclades.com
1021 manu@linuxtv.org
1022 jsimmons@www.infradead.org
1023 ilya@total-knowledge.com
1024 carlo@linux.it
1025 kees@outflux.net
1026 bos@pathscale.com
1027 sameske@de.ibm.com
1028 mrmacman_g4@mac.com
1029 jfv@bluesong.net
1030 mimosius@gmx.de
1031 adaplas@pol.net
1032 jochen@scram.de
1033 oldhamca@gmail.com
1034 pcaulfie@redhat.com
1035 juhl@dif.dk
1036 benh@kernel.crashing.org
1037 dima@neterion.com
1038 graham.gower@gmail.com
1039 duncan.sands@math.u-psud.fr
1040 slpratt@austin.ibm.com
1041 bzolnier@elka.pw.edu.pl
1042 mita@miraclelinux.com
1043 hugh@veritas.com
1044 vda@ilport.com.ua
1045 kwall@kurtwerks.com
1046 chrisw@sous-sol.org
1047 michal.k.k.piotrowski@gmail.com
1048 stevel@mwwireless.net
1049 werner@suse.de
1050 steve@men-an-tol.chygwyn.com
1051 dwg@au1.ibm.com
1052 mike.stroyan@hp.com
1053 djwong@us.ibm.com
1054 horst.hummel@de.ibm.com
1055 ulm@kph.uni-mainz.de
1056 jdike@addtoit.com
1057 jlamanna@gmail.com
1058 vagabon.xyz@gmail.com
1059 dburcaw@terrasoftsolutions.com
1060 jheffner@psc.edu
1061 penberg@cs.Helsinki.FI
1062 hegbloom@pdx.edu
1063 rbrad@parisc-linux.org
1064 tgraf@suug.ch
1065 philipc@snapgear.com
1066 adamsz@gmx.net
1067 mtk-lkml@gmx.net
1068 efalk@google.com
1069 kurt.hackel@oracle.com
1070 g.liakhovetski@gmx.de
1071 buytenh@org.rmk.(none)
1072 edwardsg@sgi.com
1073 kaber@trash.net
1074 shaggy@austin.ibm.com
1075 mikem@beardog.cca.cpqcorp.net
1076 niu@clusterfs.com
1077 cp@absolutedigital.net
1078 rmk+lkml@arm.linux.org.uk
1079 ml@acolin.be
1080 takata@linux-m32r.org
1081 loic.le-loarer+lk@polytechnique.org
1082 mitch.a.williams@intel.com
1083 eli@mellanox.co.il
1084 ismail@kde.org.tr
1085 marco@lordzodiac.de
1086 sgrubb@redhat.com
1087 benoit.boissinot@ens-lyon.org
1088 ffilz@us.ibm.com
1089 brian.haley@hp.com
1090 ak@muc.de
1091 mtk-manpages@gmx.net
1092 heikki.orsila@iki.fi
1093 jbaron@redhat.com
1094 kadlec@blackhole.kfki.hu
1095 yang.y.yi@gmail.com
1096 schindele@nentec.de
1097 k.huwig@iku-ag.de
1098 dan.yeisley@unisys.com
1099 pavel@suze.cz
1100 Henk.Vergonet@gmail.com
1101 blosure@sgi.com
1102 torvalds@evo.osdl.org
1103 jkacur@rogers.com
1104 catalin@climov.com
1105 zeisberg@informatik.uni-freiburg.de
1106 ben-lkinux@fluff.org
1107 pablo@eurodev.net
1108 mchehab@brturbo.com.br
1109 idr@us.ibm.com
1110 mark-clist@npsl.co.uk
1111 anthony.xu@intel.com
1112 hch@lst.de
1113 tobias.lorenz@gmx.net
1114 fabbione@fabbione.net
1115 lmendez19@austin.rr.com
1116 rds204@ecs.soton.ac.uk
1117 bhavesh@avaya.com
1118 gautran@mrv.com
1119 dsaxena@net.rmk.(none)
1120 stuart.mclaren@hp.com
1121 ssant@in.ibm.com
1122 jbenc@suse.cz
1123 sdb@parisc-linux.org
1124 atraeger@cs.sunysb.edu
1125 kailang@realtek.com.tw
1126 mano@roarinelk.homelinux.net
1127 erik@hovland.org
1128 bastian@waldi.eu.org
1129 bernard@blackham.com.au
1130 keithmo@exmsft.com
1131 subdino2004@yahoo.fr
1132 gpulcini@swintel.it
1133 rlrevell@joe-job.com
1134 amitg@calsoftinc.com
1135 dmeybohmlkml@bellsouth.net
1136 stelian@popies.net
1137 gaboregry@t-online.hu
1138 rpurdie@net.rmk.(none)
1139 a.d.stribblehill@durham.ac.uk
1140 jwboyer@gmail.com
1141 jburgess@uklinux.net
1142 P@draigBrady.com
1143 wim.coekaerts@oracle.com
1144 reuben-lkml@reub.net
1145 isj-sctp@i1.dk
1146 apgo@patchbomb.org
1147 jejb@mulgrave.(none)
1148 louis.nyffenegger@gmail.com
1149 tore@fud.no
1150 hirofumi@mail.parknet.co.jp
1151 ralf@linux-mips.org
1152 svoltz@numericable.fr
1153 Brice.Goglin@ens-lyon.org
1154 arnd@arndb.de
1155 tcallawa@redhat.com
1156 balatka@email.cz
1157 ashutosh.naik@gmail.com
1158 hayarms@gmail.com
1159 alan@lxorguk.ukuu.org.uk
1160 philipp_subx@redfish-solutions.com
1161 dipankar@in.ibm.com
1162 dwalker@mvista.com
1163 apw@us.ibm.com
1164 bergner@vnet.ibm.com
1165 sumantp@lsil.com
1166 sleddog@us.ibm.com
1167 zach.brown@oracle.com
1168 lbattraw@insightbb.com
1169 hawkes@jackhammer.engr.sgi.com
1170 arthur.huillet@agoctrl.org
1171 stephan-linuxdev@brodkorb.com
1172 y-goto@jp.fujitsu.com
1173 aradford@gmail.com
1174 bcollins@debian.org
1175 benjamin.c.lahaise@intel.com
1176 dave.jiang@gmail.com
1177 jlentini@netapp.com
1178 richm@oldelvet.org.uk
1179 vernux@us.ibm.com
1180 ext-timo.teras@nokia.com
1181 jan.glauber@de.ibm.com
1182 ppisa@pikron.com
1183 r3pek@gentoo.org
1184 yanzheng@21cn.com
1185 rdenis@simphalempin.com
1186 tomof@acm.org
1187 stelmacl@ee.pw.edu.pl
1188 dmarlin@redhat.com
1189 rjw@sisk.pl
1190 Karl.Kolsto@uib.no
1191 sebastien.dugue@bull.net
1192 __die@mail.ru
1193 linuxppc@jdl.com
1194 alanh@fairlite.demon.co.uk
1195 Simon.Derr@bull.net
1196 breuerr@mc.net
1197 vatsa@in.ibm.com
1198 chrisw@osdl.org
1199 rcjenn@austin.ibm.com
1200 gregkh@suse.de
1201 bgill@freescale.com
1202 sven@anderson.de
1203 davej@redhat.com
1204 kernel@linuxace.com
1205 js@linuxtv.org
1206 peter.missel@onlinehome.de
1207 chrisl@vmware.com
1208 razzor@kopf-tisch.de
1209 jk@blackdown.de
1210 sonic_amiga@rambler.ru
1211 rich@phekda.gotadsl.co.uk
1212 dbjh@gmx.net
1213 ashok.raj@intel.com
1214 eranian@hpl.hp.com
1215 spereira@tusc.com.au
1216 eike-hotplug@sf-tec.de
1217 martin.zwickel@technotrend.de
1218 scottm@somanetworks.com
1219 pingc@wacom.com
1220 yum.rayan@gmail.com
1221 perex@hera.kernel.org
1222 ben.collins@ubuntu.com
1223 baris@labristeknoloji.com
1224 mateuszb@gmail.com
1225 adilger@clusterfs.com
1226 mpm@selenic.com
1227 vlobanov@speakeasy.net
1228 patrick@tykepenguin.com
1229 apw@shadowen.org
1230 LW@KARO-electronics.de
1231 frosts1@hotkey.net.au
1232 rod@whitby.id.au
1233 julien.tinnes@francetelecom.com
1234 jurij@wooyd.org
1235 johnstul@us.ibm.com
1236 fli@ati.com
1237 golbi@mat.uni.torun.pl
1238 jongk@linux-m68k.org
1239 ben-netdev@fluff.org
1240 jasonuhl@sgi.com
1241 jesse.brandeburg@intel.com
1242 alex@shark-linux.de
1243 jovchev@gmail.com
1244 liml@rtr.ca
1245 wslin@tw.ibm.com
1246 p_christ@hol.gr
1247 pavel@ucw.cz
1248 gocosta@br.ibm.com
1249 stevef@stevef95
1250 khali@linux-fr.org
1251 davidel@xmailserver.org
1252 nicolas.dichtel@6wind.com
1253 mlord@pobox.com
1254 scott.talbert@lmco.com
1255 sylvain.meyer@worldonline.fr
1256 russb@emc.com
1257 otavio@debian.org
1258 gary.w.smith@primeexalia.com
1259 rbh00@utsglobal.com
1260 giorgio@org.rmk.(none)
1261 tvignaud@mandriva.com
1262 davis_g@com.rmk.(none)
1263 tklauser@nuerscht.ch
1264 arun.sharma@intel.com
1265 kaos@ocs.com.au
1266 libin.yang@intel.com
1267 linux@arm.linux.org.uk
1268 neilb@suse.de
1269 wmichaels1@earthlink.net
1270 bbpetkov@yahoo.de
1271 rostedt@goodmis.org
1272 jsimmons@pentafluge.infradead.org
1273 ths@networkno.de
1274 oliver@neukum.org
1275 tonyb@cybernetics.com
1276 nishida@csl.sony.co.jp
1277 mcmanus@ducksong.com
1278 geert@linux-m68k.org
1279 kbaidarov@ru.mvista.com
1280 ecd@brainaid.de
1281 n.sillik@temple.edu
1282 cw@f00f.org
1283 jwoithe@physics.adelaide.edu.au
1284 jensmh@gmx.de
1285 dj@david-web.co.uk
1286 c.jayachandran@gmail.com
1287 bulej@nenya.ms.mff.cuni.cz
1288 jrwebb@qwest.net
1289 haren@us.ibm.com
1290 yoichi_yuasa@tripeaks.co.jp
1291 Timothy.Thelin@wdc.com
1292 adam.j.brooks@gmail.com
1293 sfrench@us.ibm.com
1294 Brian.Haley@hp.com
1295 kkeil@suse.de
1296 nicolas@boichat.ch
1297 dshaw@jabberwocky.com
1298 miltonm@bga.com
1299 andros@citi.umich.edu
1300 nicolas.graziano@wanadoo.fr
1301 hunold@linuxtv.org
1302 torvalds@ppc970.osdl.org
1303 se.witt@gmx.net
1304 s.doyon@videotron.ca
1305 ak@suse.de
1306 volker.braun@physik.hu-berlin.de
1307 kevcorry@us.ibm.com
1308 daniel@osdl.org
1309 avolkov@varma-el.com
1310 echtler@fs.tum.de
1311 rene@exactcode.de
1312 jose.goncalves@inov.pt
1313 R.Marek@sh.cvut.cz
1314 andrea@cpushare.com
1315 nikita@clusterfs.com
1316 pantelis.antoniou@gmail.com
1317 fpavlic@de.ibm.com
1318 orenl@cs.columbia.edu
1319 vnuorval@tcs.hut.fi
1320 b.avery@hp.com
1321 kay.sievers@vrfy.org
1322 yasuyuki.kozkaai@toshiba.co.jp
1323 sivanich@sgi.com
1324 cattelan@sgi.com
1325 scjody@steamballoon.com
1326 dimitry@andric.com
1327 hch@hera.kernel.org
1328 mikukkon@miku.homelinux.net
1329 pzalac@gmail.com
1330 deller@parisc-linux.org
1331 mason@suse.com
1332 zinx@bluecherry.net
1333 jsuter@hardwave.de
1334 (root at danielinux.net)net
1335 aquynh@gmail.com
1336 ben.m.cahill@intel.com
1337 mark.langsdorf@amd.com
1338 fthain@telegraphics.com.au
1339 henke@epact.se
1340 peter.wainwright@hpa-rp.org.uk
1341 ghoward@sgi.com
1342 sashak@smlink.com
1343 khc@pm.waw.pl
1344 fbl@conectiva.com.br
1345 Edson.Seabra@cyclades.com
1346 rml@novell.com
1347 jan@mind.be
1348 markus@oberhumer.com
1349 frowand@mvista.com
1350 Joel.Becker@oracle.com
1351 ace@staticwave.ca
1352 support@oeko.net
1353 rddunlap@osdl.org
1354 geoffrey.levand@am.sony.com
1355 andi@rhlx01.fht-esslingen.de
1356 wim@iguana.be
1357 Dibblahdvb0042@pendor.org
1358 yi.zhu@intel.com
1359 dvrabel@cantab.net
1360 diegocg@gmail.com
1361 takatan.linux@gmail.com
1362 mbizon@freebox.fr
1363 den@sw.ru
1364 jesper.juhl@gmail.com
1365 vitaly@namesys.com
1366 matthew@wil.cx
1367 pptp@jp.dhs.org
1368 rmk@dyn-67.arm.linux.org.uk
1369 hishii@soft.fujitsu.com
1370 ed@kear.net
1371 raven@themaw.net
1372 takis@gna.org
1373 kyle@parisc-linux.org
1374 Thomas.Downing@ipc.com
1375 airlied@starflyer.(none)
1376 vince@kyllikki.org
1377 ayoung@sgi.com
1378 aia21@cantab.net
1379 ngupta@google.com
1380 tony@atomide.com
1381 brix@gentoo.org
1382 jmorris@redhat.com
1383 gotom@debian.or.jp
1384 paulmck@us.ibm.com
1385 rolandd@cisco.com
1386 pmeda@akamai.com
1387 gazurkoff@gmail.com
1388 catalin.marinas@arm.com
1389 akropel1@rochester.rr.com
1390 eparis@redhat.com
1391 pavel@suse.cz
1392 pjones@redhat.com
1393 ttb@tentacle.dhs.org
1394 henne@nachtwindheim.de
1395 alexn@dsv.su.se
1396 colpatch@us.ibm.com
1397 j-nomura@ce.jp.nec.com
1398 thomas@koeller.dyndns.org
1399 khalid.aziz@hp.com
1400 bboissin@gmail.com
1401 eike-kernel@sf-tec.de
1402 damm@opensource.se
1403 gcoady@gmail.com
1404 dhowells@redhat.com
1405 a.bittau@cs.ucl.ac.uk
1406 galak@gate.crashing.org
1407 pigaz@pigaz.org
1408 havasi@inf.u-szeged.hu
1409 kenta@c.csce.kyushu-u.ac.jp
1410 sdbrady@ntlworld.com
1411 giancarlo.formicuccia@gmail.com
1412 wfarnsworth@mvista.com
1413 peter.keilty@hp.com
1414 simon@thekelleys.org.uk
1415 linux-dvb@giblets.org
1416 bboissin+ipw2100@gmail.com
1417 michaelc@cs.wisc.edu
1418 vincent.vanackere@gmail.com
1419 annabellesgarden@yahoo.de
1420 mreimer@vpop.net
1421 hare@suse.de
1422 p.lundkvist@telia.com
1423 m8@semihalf.com
1424 cminyard@mvista.com
1425 michael@ellerman.id.au
1426 uwe.bugla@gmx.de
1427 horst@schirmeier.com
1428 mporter@embeddedalley.com
1429 khali@linux\-fr.org
1430 notting@redhat.com
1431 felixb@sgi.com
1432 rusty.lynch@intel.com
1433 Ananda.Raju@neterion.com
1434 buytenh@wantstofly.org
1435 emmanuel.colbus@rd.francetelecom.com
1436 varenet@parisc-linux.org
1437 manfred@dbl.q-ag.de
1438 petkov@uni-muenster.de
1439 cra@alum.wpi.edu
1440 axboe@suse.de
1441 guichaz@yahoo.fr
1442 kravetz@us.ibm.com
1443 constg@qlusters.com
1444 julian.calaby@gmail.com
1445 koch@hjk-az.de
1446 minyard@acm.org
1447 alessandro.zummo@towertech.it
1448 habeck@sgi.com
1449 vincent.hanquez@cl.cam.ac.uk
1450 cohuck@de.ibm.com
1451 mfgalizi@uwo.ca
1452 sailer@ife.ee.ethz.ch
1453 pravins@calsoftinc.com
1454 edward@namesys.com
1455 dktrkranz@gmail.com
1456 james4765@gmail.com
1457 sam@bishop.dhs.org
1458 clameter@engr.sgi.com
1459 dworz@amazing.ch
1460 andmike@us.ibm.com
1461 dougg@torque.net
1462 mporter@kernel.crashing.org
1463 aleidenf@bigpond.net.au
1464 sbardone@chelsio.com
1465 scjdy@steamballoon.com
1466 nikola@ghs.com
1467 j.borsboom@erasmusmc.nl
1468 arjan@infradead.org
1469 jack_hammer@adaptec.com
1470 prakash@punnoor.de
1471 s.hauer@pengutronix.de
1472 o.weihe@deltacomputer.de
1473 mroos@linux.ee
1474 yamamoto@valinux.co.jp
1475 greg@kroah.com
1476 ppopov@pacbell.net
1477 lkosewsk@gmail.com
1478 dirk@opfer-online.de
1479 ryan@michonline.com
1480 horms@valinux.co.jp
1481 mikukkon@gmail.com
1482 dwmw2@infradead.org
1483 tali@admingilde.org
1484 bero@arklinux.org
1485 mansarov@us.ibm.com
1486 pisa@cmp.felk.cvut.cz
1487 gdh@acentral.co.uk
1488 werner@mrcoffee.engr.sgi.com
1489 evil@g-house.de
1490 Antti.Andreimann@mail.ee
1491 tiwai@suse.de
1492 linas@linas.org
1493 santil@us.ibm.com
1494 Valdis.Kletnieks@vt.edu
1495 jbeulich@novell.com
1496 thomasr@pyramid.de
1497 jdl@freescale.com
1498 felix@derklecks.de
1499 James.Smart@Emulex.Com
1500 dada1@cosmosbay.com
1501 smfrench@austin.rr.com
1502 linux@dominikbrodowski.net
1503 pablo@netfilter.org
1504 murrayma@citi.umich.edu
1505 h-iwamoto@kit.hi-ho.ne.jp
1506 vsu@altlinux.ru
1507 jschopp@austin.ibm.com
1508 galak@kernel.crashing.org
1509 shangcs@gmail.com
1510 anton@samba.org
1511 tatrafford@comcast.net
1512 heiko.carstens@de.ibm.com
1513 lucasvr@org.rmk.(none)
1514 mdr@sgi.com
1515 ink@jurassic.park.msu.ru
1516 rob@landley.net
1517 jejb@parisc-linux.org
1518 mhund@ld-didactic.de
1519 jbowler@acm.org
1520 pazke@donpac.ru
1521 cel@citi.umich.edu
1522 xslaby@fi.muni.cz
1523 p_gortmaker@yahoo.com
1524 dome@coderock.org
1525 marc@osknowledge.org
1526 chris@sigsegv.plus.com
1527 jakub@redhat.com
1528 sfr@canb.auug.org.au
1529 wharms@bfs.de
1530 Russ.Dill@gmail.com
1531 joel.becker@oracle.com
1532 kogiidena@eggplant.ddo.jp
1533 ppokorny@penguincomputing.com
1534 ralf@ongar.mips.com
1535 maneesh@in.ibm.com
1536 taneli.vahakangas@netsonic.fi
1537 evilrich@rcdrummond.net
1538 daniel.marjamaki@comhem.se
1539 rth@twiddle.net
1540 jesse@cola.voip.idv.tw
1541 mikael.starvik@axis.com
1542 bos@serpentine.com
1543 regis.prevot@anevia.com
1544 jpk@sgi.com
1545 ericvb@debian.org
1546 chris.elston@radstone.co.uk
1547 krebbel1@de.ibm.com
1548 r.marek@sh.cvut.cz
1549 arnaud.patard@rtp-net.org
1550 dvhltc@us.ibm.com
1551 fukatsu.gen@jp.panasonic.com
1552 sju@lsil.com
1553 clemens.koller@anagramm.de
1554 rdunlap@xenotime.net
1555 robert.olsson@its.uu.se
1556 jchapman@katalix.com
1557 anssi.hannula@gmail.com
1558 sshtylyov@ru.mvista.com
1559 luben_tuikov@adaptec.com
1560 sjhill@realitydiluted.com
1561 albert_herranz@yahoo.es
1562 ricknu-0@student.ltu.se
1563 alexey.y.starikovskiy@intel.com
1564 tglx@tglx.tec.linutronix.de
1565 osterkam@de.ibm.com
1566 armcc2000@yahoo.com
1567 olof@austin.ibm.com
1568 dino@in.ibm.com
1569 Oliver.Korpilla@gmx.de
1570 trini@kernel.crashing.org
1571 corbet@lwn.net
1572 johnpol@2ka.mipt.ru
1573 sripathik@in.ibm.com
1574 glebn@voltaire.com
1575 lfo@Polyad.Org
1576 denis.monterrat@sagem.com
1577 kreijack@inwind.it
1578 martin.gingras@gmail.com
1579 kurosawa@valinux.co.jp
1580 cg2v@andrew.cmu.edu
1581 hager@cs.umu.se
1582 takis@issaris.org
1583 paulkf@microgate.com
1584 edgar@axis.com
1585 ffelix@sshinf.com
1586 irrational@poboxes.com
1587 stf_xl@wp.pl
1588 mkrufky@linuxtv.org
1589 prasanna@in.ibm.com
1590 yoshfuji@linux-ipv6.org
1591 janitor@sternwelten.at
1592 bob.picco@hp.com
1593 riccardo@datahost.it
1594 jmachowinski@gmx.de
1595 mrechberger@gmail.com
1596 coywolf@lovecn.org
1597 develop@kristov.de
1598 cltien@cmedia.com.tw
1599 vonbrand@inf.utfsm.cl
1600 Keir.Fraser@xl.cam.ac.uk
1601 tbm@cyrius.com
1602 jasper@vs19.net
1603 D.Marcinkiewicz@elka.pw.edu.pl
1604 rw@shadow.org.uk
1605 clemens@ladisch.de
1606 a.woellert@gmail.com
1607 akonovalov@ru.mvista.com
1608 hpa@zytor.com
1609 ms@gewi.kfunigraz.ac.at
1610 davi.arnaut@gmail.com
1611 joecool1029@gmail.com
1612 lucho@ionkov.net
1613 jmccutchan@novell.com
1614 hch@infradead.org
1615 jim.cromie@gmail.com
1616 haveblue@us.ibm.com
1617 per.liden@ericsson.com
1618 stephane.eranian@hp.com
1619 trond.myklebust@fys.uio.no
1620 adam@gimp.org
1621 kjhall@us.ibm.com
1622 CHRIS.A.CONGER@saic.com
1623 keenanpepper@gmail.com
1624 ray_cole@earthlink.net
1625 david@gibson.dropbear.id.au
1626 snakebyte@gmx.de
